what,kind,bundleId,bundleVersion,description,time
stopped,bundle,org.eclipse.m2e.editor,1.7.0.20160603-1933,"org.eclipse.m2e.editor",1474281868925
stopped,bundle,org.eclipse.m2e.editor.xml,1.7.0.20160603-1933,"org.eclipse.m2e.editor.xml",1474281868925
stopped,bundle,org.eclipse.m2e.discovery,1.7.0.20160603-1933,"org.eclipse.m2e.discovery",1474281868925
stopped,bundle,org.eclipse.m2e.importer,1.7.0.20160603-1933,"org.eclipse.m2e.importer",1474281868925
stopped,bundle,org.eclipse.m2e.wtp.jaxrs,1.3.0.20160530-2310,"org.eclipse.m2e.wtp.jaxrs",1474281868925
stopped,bundle,org.eclipse.m2e.wtp.jpa,1.3.0.20160530-2310,"org.eclipse.m2e.wtp.jpa",1474281868925
stopped,bundle,org.eclipse.m2e.wtp.jsf,1.3.0.20160530-2310,"org.eclipse.m2e.wtp.jsf",1474281868926
stopped,bundle,org.eclipse.m2e.wtp,1.3.0.20160530-2310,"org.eclipse.m2e.wtp",1474281868926
stopped,bundle,org.eclipse.m2e.jdt,1.7.0.20160603-1933,"org.eclipse.m2e.jdt",1474281868926
stopped,bundle,org.eclipse.m2e.launching,1.7.0.20160603-1933,"org.eclipse.m2e.launching",1474281868926
stopped,bundle,org.eclipse.m2e.profiles.ui,1.7.0.20160603-1933,"org.eclipse.m2e.profiles.ui",1474281868926
stopped,bundle,org.eclipse.m2e.refactoring,1.7.0.20160603-1933,"org.eclipse.m2e.refactoring",1474281868926
stopped,bundle,org.eclipse.m2e.profiles.core,1.7.0.20160603-1933,"org.eclipse.m2e.profiles.core",1474281868926
stopped,bundle,org.zeroturnaround.eclipse.m2e,6.5.0.RELEASE,"org.zeroturnaround.eclipse.m2e",1474281868926
stopped,bundle,org.eclipse.m2e.wtp.overlay.ui,1.3.0.20160530-2310,"org.eclipse.m2e.wtp.overlay.ui",1474281868926
stopped,bundle,org.eclipse.m2e.wtp.overlay,1.3.0.20160530-2310,"org.eclipse.m2e.wtp.overlay",1474281868926
stopped,bundle,org.eclipse.recommenders.chain.rcp,2.4.0.v20160607-1609,"org.eclipse.recommenders.chain.rcp",1474281868926
stopped,bundle,org.eclipse.recommenders.completion.rcp,2.4.0.v20160607-1609,"org.eclipse.recommenders.completion.rcp",1474281868926
stopped,bundle,org.eclipse.recommenders.rcp,2.4.0.v20160607-1609,"org.eclipse.recommenders.rcp",1474281868926
stopped,bundle,org.eclipse.recommenders.injection,2.4.0.v20160607-1609,"org.eclipse.recommenders.injection",1474281868926
stopped,bundle,org.eclipse.equinox.http.jetty,2.0.100.v20110502,"org.eclipse.equinox.http.jetty",1474281868927
stopped,bundle,org.eclipse.m2e.core.ui,1.7.0.20160603-1933,"org.eclipse.m2e.core.ui",1474281868927
stopped,bundle,org.eclipse.m2e.core,1.7.0.20160603-1933,"org.eclipse.m2e.core",1474281868927
stopped,bundle,org.jboss.ide.eclipse.archives.jdt.integration,3.6.101.v20160819-1749,"org.jboss.ide.eclipse.archives.jdt.integration",1474281868927
stopped,bundle,org.jboss.ide.eclipse.archives.ui,3.6.101.v20160819-1749,"org.jboss.ide.eclipse.archives.ui",1474281868927
stopped,bundle,org.jboss.ide.eclipse.as.core,3.2.1.v20160901-2242,"org.jboss.ide.eclipse.as.core",1474281868928
stopped,bundle,org.jboss.ide.eclipse.as.wtp.core,3.2.1.v20160711-1757,"org.jboss.ide.eclipse.as.wtp.core",1474281868928
stopped,bundle,org.jboss.ide.eclipse.archives.core,3.6.101.v20160819-1749,"org.jboss.ide.eclipse.archives.core",1474281868928
stopped,bundle,org.jboss.tools.jmx.local,1.8.1.v20160607-2122,"org.jboss.tools.jmx.local",1474281868928
stopped,bundle,org.jboss.tools.jmx.ui,1.8.1.v20160805-2259,"org.jboss.tools.jmx.ui",1474281868928
stopped,bundle,org.jboss.tools.jmx.core,1.8.1.v20160607-2122,"org.jboss.tools.jmx.core",1474281868928
stopped,bundle,org.jboss.tools.usage,2.2.1.v20160607-2053,"org.jboss.tools.usage",1474281868928
stopped,bundle,org.eclipse.recommenders.utils.rcp,2.4.0.v20160607-1609,"org.eclipse.recommenders.utils.rcp",1474281868928
stopped,bundle,org.eclipse.wst.jsdt.js.bower,1.0.0.v201605192332,"org.eclipse.wst.jsdt.js.bower",1474281868928
stopped,bundle,org.eclipse.wst.jsdt.js.node,1.0.0.v201605232053,"org.eclipse.wst.jsdt.js.node",1474281868928
stopped,bundle,org.eclipse.wst.jsdt.js.node.common,1.0.0.v201605131737,"org.eclipse.wst.jsdt.js.node.common",1474281868928
stopped,bundle,org.eclipse.wst.jsdt.js.npm,1.0.0.v201605192332,"org.eclipse.wst.jsdt.js.npm",1474281868929
stopped,bundle,org.eclipse.epp.logging.aeri.core,2.0.1.v20160602-0457,"org.eclipse.epp.logging.aeri.core",1474281868929
stopped,bundle,org.eclipse.mylyn.context.tasks.ui,3.20.0.v20160608-1905,"org.eclipse.mylyn.context.tasks.ui",1474281868929
stopped,bundle,org.eclipse.mylyn.bugzilla.ui,3.20.0.v20160425-1835,"org.eclipse.mylyn.bugzilla.ui",1474281868929
stopped,bundle,org.eclipse.mylyn.bugzilla.core,3.20.0.v20160425-1835,"org.eclipse.mylyn.bugzilla.core",1474281868929
stopped,bundle,org.eclipse.mylyn.help.ui,3.20.0.v20160425-1835,"org.eclipse.mylyn.help.ui",1474281868929
stopped,bundle,org.eclipse.mylyn.java.tasks,3.20.0.v20160421-1902,"org.eclipse.mylyn.java.tasks",1474281868929
stopped,bundle,org.eclipse.mylyn.tasks.bugs,3.20.0.v20160425-1835,"org.eclipse.mylyn.tasks.bugs",1474281868929
stopped,bundle,org.eclipse.mylyn.tasks.index.core,3.20.0.v20160425-1835,"org.eclipse.mylyn.tasks.index.core",1474281868929
stopped,bundle,org.tigris.subversion.subclipse.mylyn,3.0.0,"org.tigris.subversion.subclipse.mylyn",1474281868929
stopped,bundle,org.eclipse.mylyn.team.ui,3.20.0.v20160421-1902,"org.eclipse.mylyn.team.ui",1474281868929
stopped,bundle,org.eclipse.mylyn.wikitext.tasks.ui,2.9.0.v20160513-1433,"org.eclipse.mylyn.wikitext.tasks.ui",1474281868930
stopped,bundle,org.eclipse.mylyn.tasks.ui,3.20.0.v20160608-1838,"org.eclipse.mylyn.tasks.ui",1474281868930
stopped,bundle,org.eclipse.mylyn.wikitext.context.ui,2.9.0.v20160513-1433,"org.eclipse.mylyn.wikitext.context.ui",1474281868930
stopped,bundle,org.eclipse.mylyn.wikitext.core.ant,2.9.0.v20160513-1433,"org.eclipse.mylyn.wikitext.core.ant",1474281868931
stopped,bundle,org.eclipse.mylyn.wikitext.ui,2.9.0.v20160516-1547,"org.eclipse.mylyn.wikitext.ui",1474281868931
stopped,bundle,org.eclipse.mylyn.wikitext.core.osgi,2.9.0.v20160513-1433,"org.eclipse.mylyn.wikitext.core.osgi",1474281868932
stopped,bundle,org.eclipse.jst.server.generic.jonas,1.5.500.v201405151744,"org.eclipse.jst.server.generic.jonas",1474281868932
stopped,bundle,org.eclipse.jst.server.generic.ui,1.0.600.v201402262303,"org.eclipse.jst.server.generic.ui",1474281868932
stopped,bundle,org.eclipse.jst.server.generic.core,1.0.900.v201606081655,"org.eclipse.jst.server.generic.core",1474281868932
stopped,bundle,org.eclipse.mylyn.ide.ant,3.20.0.v20160421-1902,"org.eclipse.mylyn.ide.ant",1474281868932
stopped,bundle,org.eclipse.ant.ui,3.6.200.v20160525-1820,"org.eclipse.ant.ui",1474281868932
stopped,bundle,org.eclipse.ant.launching,1.1.200.v20160418-1631,"org.eclipse.ant.launching",1474281868932
stopped,bundle,org.eclipse.compare.win32,1.1.0.v20160418-1534,"org.eclipse.compare.win32",1474281868932
stopped,bundle,org.eclipse.equinox.p2.ui.sdk,1.0.400.v20150423-1455,"org.eclipse.equinox.p2.ui.sdk",1474281868932
stopped,bundle,org.eclipse.jst.server.tomcat.ui,1.1.500.v201603031514,"org.eclipse.jst.server.tomcat.ui",1474281868932
stopped,bundle,org.eclipse.jst.server.ui,1.1.300.v201309182039,"org.eclipse.jst.server.ui",1474281868932
stopped,bundle,org.eclipse.mylyn.java.ui,3.20.0.v20160421-1902,"org.eclipse.mylyn.java.ui",1474281868932
stopped,bundle,org.eclipse.jdt.junit,3.9.0.v20160421-1701,"org.eclipse.jdt.junit",1474281868932
stopped,bundle,org.eclipse.cft.server.standalone.ui,1.0.2.v201606021906,"org.eclipse.cft.server.standalone.ui",1474281868932
stopped,bundle,org.eclipse.cft.server.branding.ui,1.0.2.v201606021906,"org.eclipse.cft.server.branding.ui",1474281868932
stopped,bundle,org.eclipse.cft.server.branding.core,1.0.2.v201606021906,"org.eclipse.cft.server.branding.core",1474281868932
stopped,bundle,org.eclipse.cft.server.ui,1.0.103.v201606021906,"org.eclipse.cft.server.ui",1474281868932
stopped,bundle,org.eclipse.jpt.jpa.annotate,1.0.100.v201309261652,"org.eclipse.jpt.jpa.annotate",1474281868933
stopped,bundle,org.eclipse.jpt.jpa.eclipselink.core.ddlgen,2.2.200.v201603180253,"org.eclipse.jpt.jpa.eclipselink.core.ddlgen",1474281868934
stopped,bundle,org.eclipse.jpt.jpa.eclipselink.core,2.4.100.v201603180253,"org.eclipse.jpt.jpa.eclipselink.core",1474281868934
stopped,bundle,org.eclipse.jpt.jpa.gen,2.3.200.v201512212242,"org.eclipse.jpt.jpa.gen",1474281868936
stopped,bundle,org.eclipse.jpt.jpa.core,3.5.0.v201603181811,"org.eclipse.jpt.jpa.core",1474281868936
stopped,bundle,org.eclipse.jpt.jpa.db,2.2.200.v201603180253,"org.eclipse.jpt.jpa.db",1474281868936
stopped,bundle,org.eclipse.datatools.enablement.jdt.classpath,1.1.0.201603142002,"org.eclipse.datatools.enablement.jdt.classpath",1474281868936
stopped,bundle,org.eclipse.jdt.apt.ui,3.4.100.v20160418-1457,"org.eclipse.jdt.apt.ui",1474281868936
stopped,bundle,org.eclipse.jst.server.preview.adapter,1.1.300.v201606081655,"org.eclipse.jst.server.preview.adapter",1474281868936
stopped,bundle,org.eclipse.wst.xsl.jaxp.debug.ui,1.0.200.v201103081755,"org.eclipse.wst.xsl.jaxp.debug.ui",1474281868936
stopped,bundle,org.jboss.tools.common.jdt.debug.ui,3.8.1.v20160607-2053,"org.jboss.tools.common.jdt.debug.ui",1474281868972
stopped,bundle,org.eclipse.jdt.debug.ui,3.7.200.v20160423-1519,"org.eclipse.jdt.debug.ui",1474281868986
stopped,bundle,org.eclipse.jpt.dbws.eclipselink.ui,1.1.200.v201603180253,"org.eclipse.jpt.dbws.eclipselink.ui",1474281868986
stopped,bundle,org.eclipse.jpt.jaxb.eclipselink.ui,1.4.200.v201603180253,"org.eclipse.jpt.jaxb.eclipselink.ui",1474281868986
stopped,bundle,org.eclipse.jpt.jaxb.ui,1.5.100.v201603180253,"org.eclipse.jpt.jaxb.ui",1474281868987
stopped,bundle,org.eclipse.jpt.common.ui,1.4.100.v201603180253,"org.eclipse.jpt.common.ui",1474281868989
stopped,bundle,org.eclipse.jst.common.annotations.ui,1.1.300.v201302011850,"org.eclipse.jst.common.annotations.ui",1474281868989
stopped,bundle,org.eclipse.jst.ejb.ui,1.1.900.v201402130359,"org.eclipse.jst.ejb.ui",1474281868989
stopped,bundle,org.eclipse.jst.j2ee.webservice.ui,1.1.500.v201302011850,"org.eclipse.jst.j2ee.webservice.ui",1474281868989
stopped,bundle,org.eclipse.jst.servlet.ui,1.1.900.v201605251556,"org.eclipse.jst.servlet.ui",1474281868991
stopped,bundle,org.eclipse.jst.ws.jaxws.dom.integration,1.0.300.v201308151836,"org.eclipse.jst.ws.jaxws.dom.integration",1474281868991
stopped,bundle,org.eclipse.jst.jee.ui,1.0.701.v201408251535,"org.eclipse.jst.jee.ui",1474281868991
stopped,bundle,org.eclipse.jst.j2ee.navigator.ui,1.1.600.v201302011850,"org.eclipse.jst.j2ee.navigator.ui",1474281868991
stopped,bundle,org.eclipse.jst.j2ee.jca.ui,1.1.500.v201304231803,"org.eclipse.jst.j2ee.jca.ui",1474281868991
stopped,bundle,org.eclipse.jst.j2ee.ui,1.1.900.v201602161345,"org.eclipse.jst.j2ee.ui",1474281868992
stopped,bundle,org.eclipse.jst.ws.jaxrs.ui,1.0.700.v201505131719,"org.eclipse.jst.ws.jaxrs.ui",1474281868992
stopped,bundle,org.eclipse.jst.common.project.facet.ui,1.4.510.v201501141810,"org.eclipse.jst.common.project.facet.ui",1474281868992
stopped,bundle,org.eclipse.jst.common.ui,1.0.300.v201603172133,"org.eclipse.jst.common.ui",1474281868995
stopped,bundle,org.eclipse.jst.j2ee.ejb.annotations.emitter,1.1.200.v201004110730,"org.eclipse.jst.j2ee.ejb.annotations.emitter",1474281868996
stopped,bundle,org.eclipse.jst.jsf.facelet.core,1.3.110.v201603071844,"org.eclipse.jst.jsf.facelet.core",1474281868997
stopped,bundle,org.eclipse.jst.jsf.core,1.7.111.v201603050214,"org.eclipse.jst.jsf.core",1474281868997
stopped,bundle,org.eclipse.jst.jsf.standard.tagsupport,1.5.0.v201309172102,"org.eclipse.jst.jsf.standard.tagsupport",1474281869001
stopped,bundle,org.eclipse.jst.pagedesigner.jsp.core,1.5.100.v201603071844,"org.eclipse.jst.pagedesigner.jsp.core",1474281869002
stopped,bundle,org.eclipse.jst.jsf.common,1.5.101.v201504022146,"org.eclipse.jst.jsf.common",1474281869002
stopped,bundle,org.eclipse.wst.jsdt.web.support.jsp,1.0.600.v201307151913,"org.eclipse.wst.jsdt.web.support.jsp",1474281869002
stopped,bundle,org.eclipse.jst.jsp.ui,1.1.1100.v201605092203,"org.eclipse.jst.jsp.ui",1474281869002
stopped,bundle,org.eclipse.jst.ws.cxf.consumption.core,1.0.300.v201309232152,"org.eclipse.jst.ws.cxf.consumption.core",1474281869002
stopped,bundle,org.eclipse.jst.ws.cxf.creation.core,1.0.401.v201408111743,"org.eclipse.jst.ws.cxf.creation.core",1474281869003
stopped,bundle,org.eclipse.jst.ws.cxf.ui,1.0.300.v201309232152,"org.eclipse.jst.ws.cxf.ui",1474281869003
stopped,bundle,org.eclipse.jst.ws.cxf.core,1.1.200.v201404292022,"org.eclipse.jst.ws.cxf.core",1474281869003
stopped,bundle,org.eclipse.jst.ws.jaxb.core,1.0.200.v201309232152,"org.eclipse.jst.ws.jaxb.core",1474281869003
stopped,bundle,org.eclipse.jst.ws.jaxws.ui,1.0.401.v201504291921,"org.eclipse.jst.ws.jaxws.ui",1474281869003
stopped,bundle,org.eclipse.jst.ws.jaxws.core,1.0.403.v201602092125,"org.eclipse.jst.ws.jaxws.core",1474281869003
stopped,bundle,org.eclipse.jst.ws.annotations.core,1.2.200.v201311102023,"org.eclipse.jst.ws.annotations.core",1474281869009
stopped,bundle,org.eclipse.wb.swing.databinding,1.1.0.r37x201109091143,"org.eclipse.wb.swing.databinding",1474281869009
stopped,bundle,org.eclipse.wb.core.databinding,1.1.0.r37x201109091012,"org.eclipse.wb.core.databinding",1474281869009
stopped,bundle,org.eclipse.wb.swing.FormLayout,1.1.0.r37x201109091143,"org.eclipse.wb.swing.FormLayout",1474281869009
stopped,bundle,org.eclipse.wb.swing.MigLayout,1.1.0.r37x201109091143,"org.eclipse.wb.swing.MigLayout",1474281869009
stopped,bundle,org.eclipse.wb.swing.java6,1.1.0.r37x201109091143,"org.eclipse.wb.swing.java6",1474281869009
stopped,bundle,org.eclipse.wb.swing.jsr296,1.1.0.r37x201109091143,"org.eclipse.wb.swing.jsr296",1474281869009
stopped,bundle,org.eclipse.wb.swing,1.1.0.r37x201109091143,"org.eclipse.wb.swing",1474281869009
stopped,bundle,org.eclipse.wb.core.ui,1.1.0.r37x201109091028,"org.eclipse.wb.core.ui",1474281869011
stopped,bundle,org.eclipse.wb.layout.group,1.1.0.r37x201109091112,"org.eclipse.wb.layout.group",1474281871485
stopped,bundle,org.eclipse.wb.os.win32,1.1.0.r37x201109091012,"org.eclipse.wb.os.win32",1474281871485
stopped,bundle,org.eclipse.wb.core,1.1.0.r37x201109091012,"org.eclipse.wb.core",1474281871485
stopped,bundle,org.jboss.tools.jmx.jvmmonitor.ui,1.8.1.v20160607-2122,"org.jboss.tools.jmx.jvmmonitor.ui",1474281871485
stopped,bundle,org.eclipse.jdt.ui,3.12.0.v20160525-1829,"org.eclipse.jdt.ui",1474281871489
stopped,bundle,org.eclipse.cft.server.rse,1.0.1.v201606021906,"org.eclipse.cft.server.rse",1474281871490
stopped,bundle,org.eclipse.rse.importexport,1.2.300.201403100950,"org.eclipse.rse.importexport",1474281871490
stopped,bundle,org.eclipse.rse.subsystems.shells.telnet,1.2.300.201403100950,"org.eclipse.rse.subsystems.shells.telnet",1474281871490
stopped,bundle,org.eclipse.rse.useractions,1.1.500.201403100950,"org.eclipse.rse.useractions",1474281871490
stopped,bundle,org.eclipse.rse.shells.ui,3.0.500.201403271554,"org.eclipse.rse.shells.ui",1474281871490
stopped,bundle,org.eclipse.rse.files.ui,3.2.200.201507172213,"org.eclipse.rse.files.ui",1474281871490
stopped,bundle,org.eclipse.rse.processes.ui,3.0.400.201403100950,"org.eclipse.rse.processes.ui",1474281871490
stopped,bundle,org.eclipse.wst.dtd.ui,1.0.801.v201308100602,"org.eclipse.wst.dtd.ui",1474281871490
stopped,bundle,org.eclipse.wst.wsdl.ui,1.2.800.v201510282151,"org.eclipse.wst.wsdl.ui",1474281871490
stopped,bundle,org.eclipse.wst.wsi.ui,1.0.600.v201505131719,"org.eclipse.wst.wsi.ui",1474281871490
stopped,bundle,org.eclipse.wst.jsdt.web.ui,1.0.801.v201602241914,"org.eclipse.wst.jsdt.web.ui",1474281871490
stopped,bundle,org.eclipse.wst.web.ui,1.1.601.v201602221748,"org.eclipse.wst.web.ui",1474281871490
stopped,bundle,org.eclipse.wst.html.ui,1.0.1100.v201603050225,"org.eclipse.wst.html.ui",1474281871490
stopped,bundle,org.eclipse.wst.css.ui,1.0.1000.v201603050225,"org.eclipse.wst.css.ui",1474281871490
stopped,bundle,org.eclipse.wst.xsl.exslt.ui,1.0.0.v201006012004,"org.eclipse.wst.xsl.exslt.ui",1474281871490
stopped,bundle,org.eclipse.wst.xsl.ui,1.1.301.v201304222136,"org.eclipse.wst.xsl.ui",1474281871490
stopped,bundle,org.eclipse.wst.xml.xpath.ui,1.1.102.v201509231858,"org.eclipse.wst.xml.xpath.ui",1474281871490
stopped,bundle,org.eclipse.wst.xsd.ui,1.2.600.v201511240159,"org.eclipse.wst.xsd.ui",1474281871491
stopped,bundle,org.eclipse.wst.xsl.debug.ui,1.0.302.v201304240928,"org.eclipse.wst.xsl.debug.ui",1474281871491
stopped,bundle,org.eclipse.wst.xml.ui,1.1.700.v201604272318,"org.eclipse.wst.xml.ui",1474281871491
stopped,bundle,org.eclipse.wst.common.ui,1.1.500.v200911182011,"org.eclipse.wst.common.ui",1474281871491
stopped,bundle,org.eclipse.wst.jsdt.debug.rhino.ui,1.0.500.v201604292217,"org.eclipse.wst.jsdt.debug.rhino.ui",1474281871491
stopped,bundle,org.eclipse.wst.jsdt.debug.ui,1.0.600.v201605311817,"org.eclipse.wst.jsdt.debug.ui",1474281871491
stopped,bundle,org.eclipse.wst.jsdt.support.firefox,1.0.501.v201602241911,"org.eclipse.wst.jsdt.support.firefox",1474281871491
stopped,bundle,org.eclipse.wst.jsdt.ui,2.0.0.v201605262108,"org.eclipse.wst.jsdt.ui",1474281871493
stopped,bundle,org.eclipse.wst.json.bower.ui,1.0.0.v201605201503,"org.eclipse.wst.json.bower.ui",1474281871493
stopped,bundle,org.eclipse.wst.json.eslint.ui,1.0.0.v201605201503,"org.eclipse.wst.json.eslint.ui",1474281871494
stopped,bundle,org.eclipse.wst.json.jshint.ui,1.0.0.v201605201503,"org.eclipse.wst.json.jshint.ui",1474281871494
stopped,bundle,org.eclipse.wst.json.npm.ui,1.0.0.v201605201503,"org.eclipse.wst.json.npm.ui",1474281871495
stopped,bundle,org.eclipse.wst.json.ui,1.0.0.v201605251755,"org.eclipse.wst.json.ui",1474281871495
stopped,bundle,org.eclipse.wst.sse.ui,1.3.500.v201605120129,"org.eclipse.wst.sse.ui",1474281871495
stopped,bundle,org.eclipse.search,3.11.0.v20160519-1501,"org.eclipse.search",1474281871495
stopped,bundle,org.eclipse.ui.ide.application,1.1.100.v20160518-1929,"org.eclipse.ui.ide.application",1474281871495
stopped,bundle,org.eclipse.mylyn.commons.team,0.8.0.v20110608-1400,"org.eclipse.mylyn.commons.team",1474281871495
stopped,bundle,org.eclipse.ui.navigator.resources,3.5.100.v20160518-1929,"org.eclipse.ui.navigator.resources",1474281871495
stopped,bundle,org.eclipse.ltk.ui.refactoring,3.8.0.v20160518-1817,"org.eclipse.ltk.ui.refactoring",1474281871495
stopped,bundle,org.eclipse.mylyn.debug.ui,3.20.0.v20160421-1902,"org.eclipse.mylyn.debug.ui",1474281871495
stopped,bundle,org.eclipse.mylyn.ide.ui,3.20.0.v20160421-1902,"org.eclipse.mylyn.ide.ui",1474281871495
stopped,bundle,org.eclipse.mylyn.resources.ui,3.20.0.v20160421-1902,"org.eclipse.mylyn.resources.ui",1474281871495
stopped,bundle,org.eclipse.team.cvs.ui,3.3.400.I20110510-0800,"org.eclipse.team.cvs.ui",1474281871495
stopped,bundle,com.collabnet.subversion.merge,4.1.0,"com.collabnet.subversion.merge",1474281871495
stopped,bundle,org.tigris.subversion.subclipse.graph,1.1.1,"org.tigris.subversion.subclipse.graph",1474281871496
stopped,bundle,org.tigris.subversion.subclipse.tools.usage,1.1.0,"org.tigris.subversion.subclipse.tools.usage",1474281871496
stopped,bundle,org.tigris.subversion.subclipse.ui,1.10.13,"org.tigris.subversion.subclipse.ui",1474281871496
stopped,bundle,org.eclipse.team.ui,3.8.0.v20160518-1906,"org.eclipse.team.ui",1474281871496
stopped,bundle,org.eclipse.wst.jsdt.chromium.debug.ui,0.4.0.v201606032110,"org.eclipse.wst.jsdt.chromium.debug.ui",1474281871496
stopped,bundle,org.eclipse.compare,3.6.0.v20160418-1534,"org.eclipse.compare",1474281871498
stopped,bundle,org.eclipse.equinox.jsp.jasper.registry,1.0.300.v20130327-1442,"org.eclipse.equinox.jsp.jasper.registry",1474281871500
stopped,bundle,org.eclipse.equinox.jsp.jasper.registry,1.0.200.v20100503,"org.eclipse.equinox.jsp.jasper.registry",1474281871500
stopped,bundle,org.eclipse.equinox.jsp.jasper,1.0.500.v20150119-1358,"org.eclipse.equinox.jsp.jasper",1474281871503
stopped,bundle,org.eclipse.equinox.jsp.jasper,1.0.300.v20110502,"org.eclipse.equinox.jsp.jasper",1474281871506
stopped,bundle,org.eclipse.cft.server.standalone.core,1.0.2.v201606021906,"org.eclipse.cft.server.standalone.core",1474281871506
stopped,bundle,org.eclipse.cft.server.core,1.0.104.v201606021906,"org.eclipse.cft.server.core",1474281871510
stopped,bundle,org.eclipse.emf.importer.ecore,2.8.0.v20160526-0356,"org.eclipse.emf.importer.ecore",1474281871512
stopped,bundle,org.eclipse.emf.importer.java,2.7.0.v20160526-0356,"org.eclipse.emf.importer.java",1474281871512
stopped,bundle,org.eclipse.emf.importer.rose,2.8.0.v20160526-0356,"org.eclipse.emf.importer.rose",1474281871512
stopped,bundle,org.eclipse.emf.ant,2.8.0.v20160526-0356,"org.eclipse.emf.ant",1474281871512
stopped,bundle,org.eclipse.emf.exporter,2.7.0.v20160526-0356,"org.eclipse.emf.exporter",1474281871516
stopped,bundle,org.eclipse.emf.importer,2.9.0.v20160526-0356,"org.eclipse.emf.importer",1474281871516
stopped,bundle,org.eclipse.emf.converter,2.7.0.v20160526-0356,"org.eclipse.emf.converter",1474281871517
stopped,bundle,org.eclipse.emf.codegen.ecore.ui,2.12.0.v20160526-0356,"org.eclipse.emf.codegen.ecore.ui",1474281871517
stopped,bundle,org.eclipse.emf.codegen.ecore,2.12.0.v20160526-0356,"org.eclipse.emf.codegen.ecore",1474281871517
stopped,bundle,org.eclipse.emf.codegen.ui,2.6.0.v20160526-0356,"org.eclipse.emf.codegen.ui",1474281871517
stopped,bundle,org.eclipse.jpt.jaxb.eclipselink.core,1.3.200.v201603180253,"org.eclipse.jpt.jaxb.eclipselink.core",1474281871521
stopped,bundle,org.eclipse.jpt.common.eclipselink.core,1.3.200.v201603180253,"org.eclipse.jpt.common.eclipselink.core",1474281871521
stopped,bundle,org.eclipse.jpt.jaxb.core,1.4.100.v201603180253,"org.eclipse.jpt.jaxb.core",1474281871521
stopped,bundle,org.eclipse.jpt.common.core,1.5.0.v201603181811,"org.eclipse.jpt.common.core",1474281871521
stopped,bundle,org.eclipse.jst.j2ee.ejb.annotation.model,1.1.300.v201004110730,"org.eclipse.jst.j2ee.ejb.annotation.model",1474281871521
stopped,bundle,org.eclipse.jst.jee.ejb,1.0.400.v201305061702,"org.eclipse.jst.jee.ejb",1474281871522
stopped,bundle,org.eclipse.jst.ws.axis.consumption.core,1.0.550.v201505131719,"org.eclipse.jst.ws.axis.consumption.core",1474281871522
stopped,bundle,org.eclipse.jst.ws.axis2.core,1.0.300.v201309242118,"org.eclipse.jst.ws.axis2.core",1474281871522
stopped,bundle,org.eclipse.jst.ws.consumption,1.0.900.v201605241434,"org.eclipse.jst.ws.consumption",1474281871522
stopped,bundle,org.eclipse.jst.ws,1.0.750.v201503231435,"org.eclipse.jst.ws",1474281871523
stopped,bundle,org.eclipse.jst.j2ee.ejb,1.1.800.v201404021607,"org.eclipse.jst.j2ee.ejb",1474281871523
stopped,bundle,org.eclipse.jst.jee.web,1.0.500.v201404021628,"org.eclipse.jst.jee.web",1474281871526
stopped,bundle,org.eclipse.jst.ws.jaxrs.core,1.0.600.v201505131719,"org.eclipse.jst.ws.jaxrs.core",1474281871526
stopped,bundle,org.eclipse.jst.j2ee.web,1.1.850.v201503311656,"org.eclipse.jst.j2ee.web",1474281871528
stopped,bundle,org.eclipse.jst.jee,1.0.700.v201404092004,"org.eclipse.jst.jee",1474281871528
stopped,bundle,org.eclipse.jst.j2ee.jca,1.1.800.v201602161345,"org.eclipse.jst.j2ee.jca",1474281871528
stopped,bundle,org.eclipse.jst.j2ee.webservice,1.1.400.v201302011850,"org.eclipse.jst.j2ee.webservice",1474281871528
stopped,bundle,org.eclipse.jst.jsf.facesconfig,1.5.0.v201309172102,"org.eclipse.jst.jsf.facesconfig",1474281871528
stopped,bundle,org.eclipse.jst.j2ee,1.1.850.v201506041749,"org.eclipse.jst.j2ee",1474281871528
stopped,bundle,org.eclipse.emf.codegen,2.11.0.v20160526-0356,"org.eclipse.emf.codegen",1474281871529
stopped,bundle,org.eclipse.jdt.apt.pluggable.core,1.1.100.v20160418-1457,"org.eclipse.jdt.apt.pluggable.core",1474281871529
stopped,bundle,org.eclipse.jdt.apt.core,3.4.100.v20160525-0952,"org.eclipse.jdt.apt.core",1474281871529
stopped,bundle,org.eclipse.jdt.core.manipulation,1.7.0.v20160419-0705,"org.eclipse.jdt.core.manipulation",1474281871529
stopped,bundle,org.eclipse.pde.launching,3.6.400.v20160121-1248,"org.eclipse.pde.launching",1474281871529
stopped,bundle,org.eclipse.jdt.junit.core,3.8.0.v20160421-1701,"org.eclipse.jdt.junit.core",1474281871529
stopped,bundle,org.eclipse.jem.beaninfo,2.0.300.v201302011850,"org.eclipse.jem.beaninfo",1474281871529
stopped,bundle,org.eclipse.jem.workbench,2.0.400.v201302011850,"org.eclipse.jem.workbench",1474281871529
stopped,bundle,org.eclipse.jst.j2ee.core,1.3.200.v201505041449,"org.eclipse.jst.j2ee.core",1474281871529
stopped,bundle,org.eclipse.jem,2.0.600.v201302011850,"org.eclipse.jem",1474281871529
stopped,bundle,org.eclipse.jem.proxy,2.0.500.v201504161518,"org.eclipse.jem.proxy",1474281871529
stopped,bundle,org.eclipse.jst.common.frameworks,1.1.701.v201509021802,"org.eclipse.jst.common.frameworks",1474281871529
stopped,bundle,org.eclipse.jst.server.tomcat.core,1.1.800.v201602282129,"org.eclipse.jst.server.tomcat.core",1474281871530
stopped,bundle,org.eclipse.jst.server.core,1.2.500.v201603031514,"org.eclipse.jst.server.core",1474281871530
stopped,bundle,org.eclipse.jst.common.project.facet.core,1.4.500.v201508121553,"org.eclipse.jst.common.project.facet.core",1474281871530
stopped,bundle,org.eclipse.pde.api.tools,1.1.0.v20160508-0834,"org.eclipse.pde.api.tools",1474281871530
stopped,bundle,org.eclipse.pde.ds.core,1.1.0.v20151201-1325,"org.eclipse.pde.ds.core",1474281871530
